1,Wyman,PEN288
1,Wyman,PEN289
1,Wyman,PEN290
1,Wyman,PEN291
1,Wyman,PEN292
1,Wyman,PEN293
1,Wyman,PEN295
1,Wyman,PEN296
1,Wyman,PEN297
1,Wyman,PEN299
1,Wyman,PEN300
1,Wyman,PEN301
1,Wyman,PEN302
1,Wyman,PEN304
1,Wyman,PEN305
1,Wyman,PEN306
1,Wyman,PEN307
1,Wyman,PEN308
1,Wyman,PEN309
1,Wyman,PEN310
1,Wyman,PEN312
1,Wyman,PEN313
1,Wyman,PEN314
1,Wyman,PEN316
1,Wyman,PEN317
1,Wyman,PEN318
1,Wyman,PEN319
1,Wyman,PEN320
1,Wyman,PEN321
1,Wyman,PEN323
2,Taylor,PEN10
2,Taylor,PEN11
2,Taylor,PEN12
2,Taylor,PEN14
2,Taylor,PEN15
2,Taylor,PEN16
2,Taylor,PEN17
2,Taylor,PEN19
2,Taylor,PEN20
2,Taylor,PEN21
2,Taylor,PEN22
2,Taylor,PEN25
2,Taylor,PEN26
2,Taylor,PEN28
2,Taylor,PEN29
2,Taylor,PEN31
2,Taylor,PEN32
2,Taylor,PEN5
2,Taylor,PEN7
2,Taylor,PEN8
2,Taylor,PEN9
